{
  "Customer": {
    "ddl": "CREATE TABLE Customer (CustomerID INTEGER PRIMARY KEY, Name TEXT NOT NULL, City TEXT, State TEXT)",
    "columns": [
      {
        "cid": 0,
        "name": "CustomerID",
        "type": "INTEGER",
        "notnull": 0,
        "dflt_value": null,
        "pk": 1
      },
      {
        "cid": 1,
        "name": "Name",
        "type": "TEXT",
        "notnull": 1,
        "dflt_value": null,
        "pk": 0
      },
      {
        "cid": 2,
        "name": "City",
        "type": "TEXT",
        "notnull": 0,
        "dflt_value": null,
        "pk": 0
      },
      {
        "cid": 3,
        "name": "State",
        "type": "TEXT",
        "notnull": 0,
        "dflt_value": null,
        "pk": 0
      }
    ],
    "sample_rows": [
      {
        "CustomerID": 1,
        "Name": "Arjun Mehta",
        "City": "Bengaluru",
        "State": "KA"
      },
      {
        "CustomerID": 2,
        "Name": "Advait Das",
        "City": "New Delhi",
        "State": "DL"
      },
      {
        "CustomerID": 3,
        "Name": "Kabir Gupta",
        "City": "New Delhi",
        "State": "DL"
      },
      {
        "CustomerID": 4,
        "Name": "Anika Bose",
        "City": "Mumbai",
        "State": "MH"
      },
      {
        "CustomerID": 5,
        "Name": "Anya Khan",
        "City": "Bengaluru",
        "State": "KA"
      }
    ]
  },
  "Branch": {
    "ddl": "CREATE TABLE Branch (BranchID INTEGER PRIMARY KEY, Name TEXT NOT NULL, City TEXT, State TEXT)",
    "columns": [
      {
        "cid": 0,
        "name": "BranchID",
        "type": "INTEGER",
        "notnull": 0,
        "dflt_value": null,
        "pk": 1
      },
      {
        "cid": 1,
        "name": "Name",
        "type": "TEXT",
        "notnull": 1,
        "dflt_value": null,
        "pk": 0
      },
      {
        "cid": 2,
        "name": "City",
        "type": "TEXT",
        "notnull": 0,
        "dflt_value": null,
        "pk": 0
      },
      {
        "cid": 3,
        "name": "State",
        "type": "TEXT",
        "notnull": 0,
        "dflt_value": null,
        "pk": 0
      }
    ],
    "sample_rows": [
      {
        "BranchID": 1,
        "Name": "Mumbai Fort",
        "City": "Mumbai",
        "State": "MH"
      },
      {
        "BranchID": 2,
        "Name": "Bengaluru MG Road",
        "City": "Bengaluru",
        "State": "KA"
      },
      {
        "BranchID": 3,
        "Name": "Delhi CP",
        "City": "New Delhi",
        "State": "DL"
      }
    ]
  },
  "Account": {
    "ddl": "CREATE TABLE Account (\n  AccountID INTEGER PRIMARY KEY,\n  CustomerID INTEGER NOT NULL,\n  BranchID INTEGER NOT NULL,\n  AccountType TEXT NOT NULL,\n  OpenDate DATE NOT NULL,\n  Status TEXT NOT NULL,\n  FOREIGN KEY (CustomerID) REFERENCES Customer(CustomerID),\n  FOREIGN KEY (BranchID) REFERENCES Branch(BranchID)\n)",
    "columns": [
      {
        "cid": 0,
        "name": "AccountID",
        "type": "INTEGER",
        "notnull": 0,
        "dflt_value": null,
        "pk": 1
      },
      {
        "cid": 1,
        "name": "CustomerID",
        "type": "INTEGER",
        "notnull": 1,
        "dflt_value": null,
        "pk": 0
      },
      {
        "cid": 2,
        "name": "BranchID",
        "type": "INTEGER",
        "notnull": 1,
        "dflt_value": null,
        "pk": 0
      },
      {
        "cid": 3,
        "name": "AccountType",
        "type": "TEXT",
        "notnull": 1,
        "dflt_value": null,
        "pk": 0
      },
      {
        "cid": 4,
        "name": "OpenDate",
        "type": "DATE",
        "notnull": 1,
        "dflt_value": null,
        "pk": 0
      },
      {
        "cid": 5,
        "name": "Status",
        "type": "TEXT",
        "notnull": 1,
        "dflt_value": null,
        "pk": 0
      }
    ],
    "sample_rows": [
      {
        "AccountID": 1001,
        "CustomerID": 1,
        "BranchID": 2,
        "AccountType": "Checking",
        "OpenDate": "2022-07-03",
        "Status": "Closed"
      },
      {
        "AccountID": 1002,
        "CustomerID": 2,
        "BranchID": 1,
        "AccountType": "Checking",
        "OpenDate": "2021-01-16",
        "Status": "Active"
      },
      {
        "AccountID": 1003,
        "CustomerID": 2,
        "BranchID": 3,
        "AccountType": "Savings",
        "OpenDate": "2023-02-19",
        "Status": "Active"
      },
      {
        "AccountID": 1004,
        "CustomerID": 3,
        "BranchID": 2,
        "AccountType": "Savings",
        "OpenDate": "2020-05-11",
        "Status": "Active"
      },
      {
        "AccountID": 1005,
        "CustomerID": 3,
        "BranchID": 2,
        "AccountType": "Checking",
        "OpenDate": "2021-04-23",
        "Status": "Active"
      }
    ]
  },
  "Merchant": {
    "ddl": "CREATE TABLE Merchant (MerchantID INTEGER PRIMARY KEY, Name TEXT NOT NULL)",
    "columns": [
      {
        "cid": 0,
        "name": "MerchantID",
        "type": "INTEGER",
        "notnull": 0,
        "dflt_value": null,
        "pk": 1
      },
      {
        "cid": 1,
        "name": "Name",
        "type": "TEXT",
        "notnull": 1,
        "dflt_value": null,
        "pk": 0
      }
    ],
    "sample_rows": [
      {
        "MerchantID": 1,
        "Name": "Reliance Retail"
      },
      {
        "MerchantID": 2,
        "Name": "Amazon India"
      },
      {
        "MerchantID": 3,
        "Name": "Flipkart"
      },
      {
        "MerchantID": 4,
        "Name": "IRCTC"
      },
      {
        "MerchantID": 5,
        "Name": "Uber"
      }
    ]
  },
  "Transactions": {
    "ddl": "CREATE TABLE Transactions (\n  TxnID TEXT PRIMARY KEY,\n  AccountID INTEGER NOT NULL,\n  TxnDate TIMESTAMP NOT NULL,\n  AmountINR REAL NOT NULL,\n  TxnType TEXT NOT NULL,\n  Channel TEXT NOT NULL,\n  MerchantID INTEGER,\n  Category TEXT,\n  Description TEXT,\n  FOREIGN KEY (AccountID) REFERENCES Account(AccountID),\n  FOREIGN KEY (MerchantID) REFERENCES Merchant(MerchantID)\n)",
    "columns": [
      {
        "cid": 0,
        "name": "TxnID",
        "type": "TEXT",
        "notnull": 0,
        "dflt_value": null,
        "pk": 1
      },
      {
        "cid": 1,
        "name": "AccountID",
        "type": "INTEGER",
        "notnull": 1,
        "dflt_value": null,
        "pk": 0
      },
      {
        "cid": 2,
        "name": "TxnDate",
        "type": "TIMESTAMP",
        "notnull": 1,
        "dflt_value": null,
        "pk": 0
      },
      {
        "cid": 3,
        "name": "AmountINR",
        "type": "REAL",
        "notnull": 1,
        "dflt_value": null,
        "pk": 0
      },
      {
        "cid": 4,
        "name": "TxnType",
        "type": "TEXT",
        "notnull": 1,
        "dflt_value": null,
        "pk": 0
      },
      {
        "cid": 5,
        "name": "Channel",
        "type": "TEXT",
        "notnull": 1,
        "dflt_value": null,
        "pk": 0
      },
      {
        "cid": 6,
        "name": "MerchantID",
        "type": "INTEGER",
        "notnull": 0,
        "dflt_value": null,
        "pk": 0
      },
      {
        "cid": 7,
        "name": "Category",
        "type": "TEXT",
        "notnull": 0,
        "dflt_value": null,
        "pk": 0
      },
      {
        "cid": 8,
        "name": "Description",
        "type": "TEXT",
        "notnull": 0,
        "dflt_value": null,
        "pk": 0
      }
    ],
    "sample_rows": [
      {
        "TxnID": "T950N0UP4D",
        "AccountID": 1002,
        "TxnDate": "2025-03-12 12:37:00",
        "AmountINR": 53762.0,
        "TxnType": "Credit",
        "Channel": "Online",
        "MerchantID": 9,
        "Category": "Salary",
        "Description": "Salary"
      },
      {
        "TxnID": "TIZRW7JAKY",
        "AccountID": 1002,
        "TxnDate": "2025-05-19 00:19:00",
        "AmountINR": 2460.0,
        "TxnType": "Debit",
        "Channel": "Online",
        "MerchantID": 11,
        "Category": "Transfer",
        "Description": "Transfer"
      },
      {
        "TxnID": "TRIOJW21HH",
        "AccountID": 1002,
        "TxnDate": "2024-12-10 16:10:00",
        "AmountINR": 15481.0,
        "TxnType": "Debit",
        "Channel": "ATM",
        "MerchantID": 12,
        "Category": "Cash Withdrawal",
        "Description": "Cash Withdrawal"
      },
      {
        "TxnID": "T44Z8JGQJH",
        "AccountID": 1002,
        "TxnDate": "2024-12-19 18:58:00",
        "AmountINR": 160145.0,
        "TxnType": "Credit",
        "Channel": "Branch",
        "MerchantID": 9,
        "Category": "Salary",
        "Description": "Salary"
      },
      {
        "TxnID": "TL3KVYKMXU",
        "AccountID": 1002,
        "TxnDate": "2025-03-28 12:40:00",
        "AmountINR": 15826.0,
        "TxnType": "Debit",
        "Channel": "ATM",
        "MerchantID": 12,
        "Category": "Cash Withdrawal",
        "Description": "Cash Withdrawal"
      }
    ]
  },
  "Dispute": {
    "ddl": "CREATE TABLE Dispute (\n  DisputeID TEXT PRIMARY KEY,\n  TxnID TEXT NOT NULL,\n  RaisedDate DATE NOT NULL,\n  ReasonCode TEXT NOT NULL,\n  Status TEXT NOT NULL,\n  Resolution TEXT,\n  FOREIGN KEY (TxnID) REFERENCES Transactions(TxnID)\n)",
    "columns": [
      {
        "cid": 0,
        "name": "DisputeID",
        "type": "TEXT",
        "notnull": 0,
        "dflt_value": null,
        "pk": 1
      },
      {
        "cid": 1,
        "name": "TxnID",
        "type": "TEXT",
        "notnull": 1,
        "dflt_value": null,
        "pk": 0
      },
      {
        "cid": 2,
        "name": "RaisedDate",
        "type": "DATE",
        "notnull": 1,
        "dflt_value": null,
        "pk": 0
      },
      {
        "cid": 3,
        "name": "ReasonCode",
        "type": "TEXT",
        "notnull": 1,
        "dflt_value": null,
        "pk": 0
      },
      {
        "cid": 4,
        "name": "Status",
        "type": "TEXT",
        "notnull": 1,
        "dflt_value": null,
        "pk": 0
      },
      {
        "cid": 5,
        "name": "Resolution",
        "type": "TEXT",
        "notnull": 0,
        "dflt_value": null,
        "pk": 0
      }
    ],
    "sample_rows": [
      {
        "DisputeID": "D001",
        "TxnID": "TDVMLQUCHO",
        "RaisedDate": "2025-06-03",
        "ReasonCode": "Fraudulent",
        "Status": "Resolved",
        "Resolution": "Insufficient evidence"
      },
      {
        "DisputeID": "D002",
        "TxnID": "TV7J65MBVW",
        "RaisedDate": "2025-07-24",
        "ReasonCode": "Fraudulent",
        "Status": "Open",
        "Resolution": null
      },
      {
        "DisputeID": "D003",
        "TxnID": "T97XWMDLIW",
        "RaisedDate": "2025-08-23",
        "ReasonCode": "Fraudulent",
        "Status": "Resolved",
        "Resolution": "Insufficient evidence"
      },
      {
        "DisputeID": "D004",
        "TxnID": "TV0QBJVFLO",
        "RaisedDate": "2025-08-14",
        "ReasonCode": "Fraudulent",
        "Status": "Open",
        "Resolution": null
      },
      {
        "DisputeID": "D005",
        "TxnID": "T2RJ4L66E6",
        "RaisedDate": "2025-07-11",
        "ReasonCode": "RefundNotReceived",
        "Status": "Resolved",
        "Resolution": "Refund processed"
      }
    ]
  }
}